id;fabricante;modelo;potencia_wp;voc_v;isc_a;vmp_v;imp_a;eficiencia_pct;preco_brl;fornecedor;data_coleta;url_fonte
FV001;Luxen;LNET-710ND;710;48.73;18.49;40.62;17.48;22.86;819.0;NeoSolar;18/09/2026;https://neosolar.store/loja/painel-solar-fotovoltaico-710w-luxen-lnet-710-nd
FV002;OSDA;ODA620-33V-MHDRZ;620;49.08;16.08;40.74;15.22;22.9;719.0;NeoSolar;18/09/2026;https://www.neosolar.com.br/loja/painel-solar-fotovoltaico-620w-osda-oda620-33v-mhdrz.html
FV003;DAH Solar;DHN-66Z16/DG;620;48.6;16.0;41.3;15.1;22.5;729.0;NeoSolar;18/09/2026;https://www.neosolar.com.br/loja/placa-solar-fotovoltaica-620w-monocristalina-dah-620m-24964.html
FV004;ReneSola;RS6-585NBG-E3;585;52.7;14.01;44.02;13.29;22.65;679.0;NeoSolar;18/09/2026;https://www.neosolar.com.br/loja/painel-solar-fotovoltaico-585w-renesola-rs6-585nbg-e3.html
FV005;ZNSHINE;ZXN7-MD144;585;51.6;14.36;43.0;13.61;23.42;679.0;NeoSolar;18/09/2026;https://www.neosolar.com.br/loja/painel-solar-fotovoltaico-585w-znshine-zxn7-md144.html
FV006;JA Solar;JAM72D42-615/LB;615;51.87;15.06;43.31;14.2;22.0;692.0;Buyers Energy;18/09/2026;https://www.buyersenergy.com.br/produtos/painel-solar-615w-ja-solar-bifacial/
FV007;Canadian Solar;CS6W-550MS;550;49.6;14.0;41.7;13.2;21.5;449.9;Direta Energia Solar;18/09/2026;https://www.enerlim.cl/wp-content/uploads/2024/05/CanadianSolar-550W-MONO.pdf | https://www.diretaenergiasolar.com.br/
FV008;Jinko Solar;JKM555M-72HL4-V;555;49.72;14.12;40.99;13.54;21.48;549.9;Direta Energia Solar;18/09/2026;https://www.jinkosolar.com/uploads/JKM550-570M-72HL4-%28V%29-F5-EN.pdf | https://www.diretaenergiasolar.com.br/
FV009;Trina Solar;TSM-510DE18M(II);510;52.1;12.42;43.2;11.81;21.2;549.9;Direta Energia Solar;18/09/2026;https://www.diretaenergiasolar.com.br/painel-solar-510w-trina-mono-tsm-510de18mii/prod-10842961/
FV010;DAH Solar;DHN-72X16/DG-585W;585;51.6;14.2;43.8;13.36;22.65;890.0;Stentor do Brasil;18/09/2026;https://loja.stentor.com.br/shop/produtodesk.php?cmpgn=ok&id=87528
